{"cameraMode":{"drawMode":0,"name":"Shaded","section":"Shading Mode"},"sceneLighting":true,"audioPlay":false,"sceneViewState":{"m_AlwaysRefresh":false,"showFog":true,"showSkybox":true,"showFlares":true,"showImageEffects":true,"showParticleSystems":true,"showVisualEffectGraphs":true,"m_FxEnabled":true},"in2DMode":false,"pivot":{"x":2.781343936920166,"y":1.8968472480773926,"z":16.04379653930664},"rotation":{"x":0.07664898782968521,"y":0.04665358364582062,"z":-0.0037313271313905718,"w":0.9960074424743652},"size":14.122039794921875,"orthographic":false}